,index,month,days,dayofweek,time,weather,count,count_a
0,0,1,1,saturday,morning,sunny,862,c
1,1,1,1,saturday,noon,sunny,702,b
2,2,1,1,saturday,evening,blur,637,b
3,3,1,2,sunday,morning,rain,66,a
4,4,1,2,sunday,noon,rain,60,a
5,5,1,2,sunday,evening,sunny,937,c
6,6,1,3,monday,morning,rain,13,a
7,7,1,3,monday,noon,sunny,369,a
8,8,1,3,monday,evening,rain,26,a
9,9,1,4,tuesday,morning,blur,254,a
10,10,1,4,tuesday,noon,blur,219,a
11,11,1,4,tuesday,evening,sunny,444,b
12,12,1,5,wednesday,morning,sunny,378,b
13,13,1,5,wednesday,noon,blur,182,a
14,14,1,5,wednesday,evening,blur,210,a
15,15,1,6,thursday,morning,blur,203,a
16,16,1,6,thursday,noon,rain,8,a
17,17,1,6,thursday,evening,sunny,403,b
18,18,1,7,friday,morning,sunny,454,b
19,19,1,7,friday,noon,sunny,333,a
20,20,1,7,friday,evening,blur,362,a
21,21,1,8,saturday,morning,sunny,782,c
22,22,1,8,saturday,noon,rain,49,a
23,23,1,8,saturday,evening,sunny,854,c
24,24,1,9,sunday,morning,sunny,950,c
25,25,1,9,sunday,noon,rain,68,a
26,26,1,9,sunday,evening,sunny,1009,c
27,27,1,10,monday,morning,blur,276,a
28,28,1,10,monday,noon,blur,165,a
29,29,1,10,monday,evening,sunny,496,b
30,30,1,11,tuesday,morning,sunny,480,b
31,31,1,11,tuesday,noon,blur,215,a
32,32,1,11,tuesday,evening,sunny,404,b
33,33,1,12,wednesday,morning,sunny,454,b
34,34,1,12,wednesday,noon,sunny,312,a
35,35,1,12,wednesday,evening,rain,21,a
36,36,1,13,thursday,morning,blur,220,a
37,37,1,13,thursday,noon,rain,14,a
38,38,1,13,thursday,evening,blur,287,a
39,39,1,14,friday,morning,rain,12,a
40,40,1,14,friday,noon,sunny,314,a
41,41,1,14,friday,evening,sunny,399,b
42,42,1,15,saturday,morning,sunny,772,c
43,43,1,15,saturday,noon,sunny,731,b
44,44,1,15,saturday,evening,blur,722,b
45,45,1,16,sunday,morning,rain,78,a
46,46,1,16,sunday,noon,sunny,772,c
47,47,1,16,sunday,evening,sunny,1016,c
48,48,1,17,monday,morning,blur,190,a
49,49,1,17,monday,noon,sunny,300,a
50,50,1,17,monday,evening,sunny,328,a
51,51,1,18,tuesday,morning,sunny,454,b
52,52,1,18,tuesday,noon,sunny,374,b
53,53,1,18,tuesday,evening,blur,263,a
54,54,1,19,wednesday,morning,sunny,372,b
55,55,1,19,wednesday,noon,blur,181,a
56,56,1,19,wednesday,evening,sunny,348,a
57,57,1,20,thursday,morning,sunny,415,b
58,58,1,20,thursday,noon,sunny,385,b
59,59,1,20,thursday,evening,sunny,407,b
60,60,1,21,friday,morning,sunny,353,a
61,61,1,21,friday,noon,blur,122,a
62,62,1,21,friday,evening,rain,19,a
63,63,1,22,saturday,morning,sunny,754,c
64,64,1,22,saturday,noon,sunny,799,c
65,65,1,22,saturday,evening,rain,62,a
66,66,1,23,sunday,morning,rain,70,a
67,67,1,23,sunday,noon,sunny,825,c
68,68,1,23,sunday,evening,rain,77,a
69,69,1,24,monday,morning,blur,216,a
70,70,1,24,monday,noon,sunny,265,a
71,71,1,24,monday,evening,sunny,406,b
72,72,1,25,tuesday,morning,sunny,418,b
73,73,1,25,tuesday,noon,blur,173,a
74,74,1,25,tuesday,evening,rain,16,a
75,75,1,26,wednesday,morning,sunny,455,b
76,76,1,26,wednesday,noon,blur,114,a
77,77,1,26,wednesday,evening,rain,14,a
78,78,1,27,thursday,morning,blur,261,a
79,79,1,27,thursday,noon,sunny,268,a
80,80,1,27,thursday,evening,sunny,471,b
81,81,1,28,friday,morning,sunny,437,b
82,82,1,28,friday,noon,sunny,369,a
83,83,1,28,friday,evening,rain,22,a
84,84,1,29,saturday,morning,sunny,798,c
85,85,1,29,saturday,noon,sunny,740,b
86,86,1,29,saturday,evening,blur,694,b
87,87,1,30,sunday,morning,rain,64,a
88,88,1,30,sunday,noon,sunny,838,c
89,89,1,30,sunday,evening,blur,871,c
90,90,1,31,monday,morning,blur,198,a
91,91,1,31,monday,noon,sunny,386,b
92,92,1,31,monday,evening,blur,327,a
93,93,2,1,tuesday,morning,rain,17,a
94,94,2,1,tuesday,noon,blur,163,a
95,95,2,1,tuesday,evening,blur,248,a
96,96,2,2,wednesday,morning,sunny,390,b
97,97,2,2,wednesday,noon,sunny,360,a
98,98,2,2,wednesday,evening,sunny,339,a
99,99,2,3,thursday,morning,sunny,388,b
100,100,2,3,thursday,noon,sunny,358,a
101,101,2,3,thursday,evening,blur,266,a
102,102,2,4,friday,morning,blur,237,a
103,103,2,4,friday,noon,rain,5,a
104,104,2,4,friday,evening,sunny,374,b
105,105,2,5,saturday,morning,sunny,752,c
106,106,2,5,saturday,noon,rain,44,a
107,107,2,5,saturday,evening,rain,66,a
108,108,2,6,sunday,morning,sunny,789,c
109,109,2,6,sunday,noon,rain,62,a
110,110,2,6,sunday,evening,blur,831,c
111,111,2,7,monday,morning,blur,259,a
112,112,2,7,monday,noon,sunny,242,a
113,113,2,7,monday,evening,blur,278,a
114,114,2,8,tuesday,morning,sunny,409,b
115,115,2,8,tuesday,noon,sunny,376,b
116,116,2,8,tuesday,evening,sunny,459,b
117,117,2,9,wednesday,morning,rain,23,a
118,118,2,9,wednesday,noon,rain,4,a
119,119,2,9,wednesday,evening,rain,22,a
120,120,2,10,thursday,morning,rain,15,a
121,121,2,10,thursday,noon,sunny,232,a
122,122,2,10,thursday,evening,sunny,386,b
123,123,2,11,friday,morning,sunny,375,b
124,124,2,11,friday,noon,rain,10,a
125,125,2,11,friday,evening,sunny,458,b
126,126,2,12,saturday,morning,sunny,842,c
127,127,2,12,saturday,noon,sunny,794,c
128,128,2,12,saturday,evening,rain,61,a
129,129,2,13,sunday,morning,rain,69,a
130,130,2,13,sunday,noon,blur,686,b
131,131,2,13,sunday,evening,sunny,908,c
132,132,2,14,monday,morning,blur,271,a
133,133,2,14,monday,noon,sunny,355,a
134,134,2,14,monday,evening,sunny,458,b
135,135,2,15,tuesday,morning,blur,264,a
136,136,2,15,tuesday,noon,blur,237,a
137,137,2,15,tuesday,evening,sunny,429,b
138,138,2,16,wednesday,morning,blur,324,a
139,139,2,16,wednesday,noon,blur,192,a
140,140,2,16,wednesday,evening,sunny,330,a
141,141,2,17,thursday,morning,rain,20,a
142,142,2,17,thursday,noon,sunny,294,a
143,143,2,17,thursday,evening,sunny,478,b
144,144,2,18,friday,morning,sunny,348,a
145,145,2,18,friday,noon,sunny,347,a
146,146,2,18,friday,evening,rain,23,a
147,147,2,19,saturday,morning,rain,60,a
148,148,2,19,saturday,noon,sunny,642,b
149,149,2,19,saturday,evening,sunny,783,c
150,150,2,20,sunday,morning,rain,80,a
151,151,2,20,sunday,noon,rain,65,a
152,152,2,20,sunday,evening,blur,746,c
153,153,2,21,monday,morning,blur,289,a
154,154,2,21,monday,noon,sunny,289,a
155,155,2,21,monday,evening,rain,26,a
156,156,2,22,tuesday,morning,sunny,432,b
157,157,2,22,tuesday,noon,sunny,310,a
158,158,2,22,tuesday,evening,rain,16,a
159,159,2,23,wednesday,morning,sunny,332,a
160,160,2,23,wednesday,noon,sunny,326,a
161,161,2,23,wednesday,evening,sunny,381,b
162,162,2,24,thursday,morning,blur,272,a
163,163,2,24,thursday,noon,blur,184,a
164,164,2,24,thursday,evening,sunny,590,b
165,165,2,25,friday,morning,sunny,410,b
166,166,2,25,friday,noon,blur,133,a
167,167,2,25,friday,evening,blur,305,a
168,168,2,26,saturday,morning,blur,642,b
169,169,2,26,saturday,noon,sunny,676,b
170,170,2,26,saturday,evening,sunny,802,c
171,171,2,27,sunday,morning,rain,65,a
172,172,2,27,sunday,noon,rain,55,a
173,173,2,27,sunday,evening,sunny,959,c
174,174,2,28,monday,morning,sunny,349,a
175,175,2,28,monday,noon,sunny,370,a
176,176,2,28,monday,evening,sunny,458,b
177,177,3,1,tuesday,morning,sunny,494,b
178,178,3,1,tuesday,noon,rain,7,a
179,179,3,1,tuesday,evening,sunny,441,b
180,180,3,2,wednesday,morning,sunny,398,b
181,181,3,2,wednesday,noon,sunny,347,a
182,182,3,2,wednesday,evening,blur,290,a
183,183,3,3,thursday,morning,sunny,431,b
184,184,3,3,thursday,noon,sunny,320,a
185,185,3,3,thursday,evening,sunny,394,b
186,186,3,4,friday,morning,rain,15,a
187,187,3,4,friday,noon,rain,4,a
188,188,3,4,friday,evening,sunny,442,b
189,189,3,5,saturday,morning,sunny,840,c
190,190,3,5,saturday,noon,sunny,852,c
191,191,3,5,saturday,evening,blur,666,b
192,192,3,6,sunday,morning,blur,843,c
193,193,3,6,sunday,noon,sunny,875,c
194,194,3,6,sunday,evening,sunny,918,c
195,195,3,7,monday,morning,sunny,469,b
196,196,3,7,monday,noon,sunny,369,a
197,197,3,7,monday,evening,rain,24,a
198,198,3,8,tuesday,morning,rain,21,a
199,199,3,8,tuesday,noon,sunny,274,a
200,200,3,8,tuesday,evening,sunny,447,b
201,201,3,9,wednesday,morning,sunny,442,b
202,202,3,9,wednesday,noon,rain,16,a
203,203,3,9,wednesday,evening,sunny,434,b
204,204,3,10,thursday,morning,rain,9,a
205,205,3,10,thursday,noon,sunny,284,a
206,206,3,10,thursday,evening,blur,210,a
207,207,3,11,friday,morning,sunny,475,b
208,208,3,11,friday,noon,blur,158,a
209,209,3,11,friday,evening,blur,329,a
210,210,3,12,saturday,morning,rain,60,a
211,211,3,12,saturday,noon,rain,50,a
212,212,3,12,saturday,evening,blur,679,b
213,213,3,13,sunday,morning,blur,778,c
214,214,3,13,sunday,noon,sunny,869,c
215,215,3,13,sunday,evening,sunny,846,c
217,217,3,14,monday,noon,rain,10,a
218,218,3,14,monday,evening,sunny,421,b
219,219,3,15,tuesday,morning,sunny,365,a
220,220,3,15,tuesday,noon,blur,162,a
221,221,3,15,tuesday,evening,rain,13,a
222,222,3,16,wednesday,morning,sunny,404,b
223,223,3,16,wednesday,noon,sunny,297,a
224,224,3,16,wednesday,evening,blur,316,a
225,225,3,17,thursday,morning,rain,26,a
226,226,3,17,thursday,noon,sunny,270,a
227,227,3,17,thursday,evening,blur,259,a
229,229,3,18,friday,noon,sunny,454,b
230,230,3,18,friday,evening,rain,31,a
231,231,3,19,saturday,morning,sunny,718,b
232,232,3,19,saturday,noon,blur,590,b
233,233,3,19,saturday,evening,sunny,704,b
234,234,3,20,sunday,morning,blur,665,b
235,235,3,20,sunday,noon,sunny,883,c
236,236,3,20,sunday,evening,blur,764,c
237,237,3,21,monday,morning,sunny,347,a
238,238,3,21,monday,noon,rain,5,a
239,239,3,21,monday,evening,rain,16,a
240,240,3,22,tuesday,morning,blur,204,a
241,241,3,22,tuesday,noon,sunny,345,a
242,242,3,22,tuesday,evening,sunny,493,b
243,243,3,23,wednesday,morning,sunny,428,b
244,244,3,23,wednesday,noon,sunny,256,a
245,245,3,23,wednesday,evening,blur,250,a
247,247,3,24,thursday,noon,sunny,315,a
248,248,3,24,thursday,evening,blur,245,a
249,249,3,25,friday,morning,sunny,386,b
250,250,3,25,friday,noon,rain,4,a
251,251,3,25,friday,evening,sunny,418,b
252,252,3,26,saturday,morning,sunny,786,c
253,253,3,26,saturday,noon,sunny,712,b
254,254,3,26,saturday,evening,sunny,860,c
255,255,3,27,sunday,morning,blur,842,c
257,257,3,27,sunday,evening,blur,821,c
258,258,3,28,monday,morning,sunny,388,b
259,259,3,28,monday,noon,rain,11,a
260,260,3,28,monday,evening,blur,367,a
261,261,3,29,tuesday,morning,sunny,397,b
262,262,3,29,tuesday,noon,blur,145,a
263,263,3,29,tuesday,evening,sunny,463,b
264,264,3,30,wednesday,morning,blur,250,a
265,265,3,30,wednesday,noon,blur,153,a
266,266,3,30,wednesday,evening,blur,282,a
267,267,3,31,thursday,morning,sunny,462,b
268,268,3,31,thursday,noon,blur,135,a
269,269,3,31,thursday,evening,sunny,478,b
270,270,4,1,friday,morning,rain,15,a
271,271,4,1,friday,noon,rain,6,a
272,272,4,1,friday,evening,sunny,495,b
273,273,4,2,saturday,morning,blur,682,b
274,274,4,2,saturday,noon,sunny,626,b
275,275,4,2,saturday,evening,sunny,769,c
276,276,4,3,sunday,morning,blur,767,c
277,277,4,3,sunday,noon,rain,60,a
278,278,4,3,sunday,evening,blur,835,c
279,279,4,4,monday,morning,rain,16,a
280,280,4,4,monday,noon,blur,203,a
281,281,4,4,monday,evening,blur,341,a
282,282,4,5,tuesday,morning,sunny,366,a
283,283,4,5,tuesday,noon,sunny,287,a
284,284,4,5,tuesday,evening,sunny,420,b
285,285,4,6,wednesday,morning,sunny,460,b
286,286,4,6,wednesday,noon,sunny,269,a
287,287,4,6,wednesday,evening,blur,272,a
288,288,4,7,thursday,morning,rain,12,a
289,289,4,7,thursday,noon,rain,14,a
290,290,4,7,thursday,evening,rain,11,a
291,291,4,8,friday,morning,sunny,393,b
292,292,4,8,friday,noon,blur,212,a
293,293,4,8,friday,evening,rain,19,a
294,294,4,9,saturday,morning,blur,593,b
295,295,4,9,saturday,noon,blur,573,b
296,296,4,9,saturday,evening,blur,724,b
297,297,4,10,sunday,morning,sunny,965,c
298,298,4,10,sunday,noon,sunny,805,c
299,299,4,10,sunday,evening,blur,794,c
300,300,4,11,monday,morning,sunny,341,a
301,301,4,11,monday,noon,rain,8,a
302,302,4,11,monday,evening,sunny,465,b
303,303,4,12,tuesday,morning,blur,315,a
304,304,4,12,tuesday,noon,sunny,268,a
305,305,4,12,tuesday,evening,sunny,389,b
306,306,4,13,wednesday,morning,rain,14,a
307,307,4,13,wednesday,noon,blur,174,a
308,308,4,13,wednesday,evening,sunny,359,a
309,309,4,14,thursday,morning,rain,16,a
310,310,4,14,thursday,noon,sunny,374,b
311,311,4,14,thursday,evening,sunny,360,a
312,312,4,15,friday,morning,rain,14,a
313,313,4,15,friday,noon,sunny,322,a
314,314,4,15,friday,evening,sunny,428,b
315,315,4,16,saturday,morning,sunny,839,c
316,316,4,16,saturday,noon,sunny,714,b
317,317,4,16,saturday,evening,blur,624,b
318,318,4,17,sunday,morning,sunny,943,c
319,319,4,17,sunday,noon,rain,56,a
320,320,4,17,sunday,evening,sunny,914,c
321,321,4,18,monday,morning,sunny,404,b
322,322,4,18,monday,noon,sunny,294,a
323,323,4,18,monday,evening,rain,23,a
324,324,4,19,tuesday,morning,blur,218,a
325,325,4,19,tuesday,noon,sunny,290,a
326,326,4,19,tuesday,evening,blur,278,a
327,327,4,20,wednesday,morning,blur,274,a
328,328,4,20,wednesday,noon,blur,161,a
329,329,4,20,wednesday,evening,blur,235,a
330,330,4,21,thursday,morning,sunny,477,b
331,331,4,21,thursday,noon,blur,222,a
332,332,4,21,thursday,evening,sunny,341,a
333,333,4,22,friday,morning,rain,13,a
334,334,4,22,friday,noon,rain,8,a
335,335,4,22,friday,evening,blur,317,a
336,336,4,23,saturday,morning,rain,57,a
337,337,4,23,saturday,noon,blur,577,b
338,338,4,23,saturday,evening,blur,679,b
339,339,4,24,sunday,morning,sunny,960,c
340,340,4,24,sunday,noon,blur,742,c
341,341,4,24,sunday,evening,blur,859,c
342,342,4,25,monday,morning,rain,9,a
343,343,4,25,monday,noon,rain,9,a
344,344,4,25,monday,evening,sunny,421,b
345,345,4,26,tuesday,morning,blur,301,a
346,346,4,26,tuesday,noon,sunny,254,a
347,347,4,26,tuesday,evening,sunny,512,b
348,348,4,27,wednesday,morning,blur,190,a
349,349,4,27,wednesday,noon,sunny,288,a
350,350,4,27,wednesday,evening,blur,296,a
351,351,4,28,thursday,morning,sunny,499,b
352,352,4,28,thursday,noon,sunny,347,a
353,353,4,28,thursday,evening,sunny,476,b
354,354,4,29,friday,morning,blur,231,a
355,355,4,29,friday,noon,blur,166,a
356,356,4,29,friday,evening,blur,222,a
357,357,4,30,saturday,morning,sunny,706,b
358,358,4,30,saturday,noon,blur,561,b
359,359,4,30,saturday,evening,blur,675,b
360,360,5,1,sunday,morning,sunny,948,c
361,361,5,1,sunday,noon,rain,60,a
362,362,5,1,sunday,evening,sunny,901,c
363,363,5,2,monday,morning,rain,9,a
364,364,5,2,monday,noon,sunny,385,b
365,365,5,2,monday,evening,blur,297,a
366,366,5,3,tuesday,morning,sunny,388,b
368,368,5,3,tuesday,evening,blur,251,a
369,369,5,4,wednesday,morning,blur,204,a
370,370,5,4,wednesday,noon,sunny,282,a
371,371,5,4,wednesday,evening,sunny,358,a
372,372,5,5,thursday,morning,sunny,408,b
373,373,5,5,thursday,noon,sunny,370,a
374,374,5,5,thursday,evening,sunny,525,b
375,375,5,6,friday,morning,blur,293,a
376,376,5,6,friday,noon,sunny,304,a
377,377,5,6,friday,evening,blur,252,a
378,378,5,7,saturday,morning,rain,55,a
379,379,5,7,saturday,noon,sunny,748,c
380,380,5,7,saturday,evening,sunny,881,c
381,381,5,8,sunday,morning,blur,893,c
382,382,5,8,sunday,noon,rain,62,a
383,383,5,8,sunday,evening,sunny,880,c
384,384,5,9,monday,morning,sunny,449,b
385,385,5,9,monday,noon,blur,219,a
386,386,5,9,monday,evening,sunny,437,b
387,387,5,10,tuesday,morning,sunny,502,b
388,388,5,10,tuesday,noon,sunny,305,a
389,389,5,10,tuesday,evening,sunny,520,b
390,390,5,11,wednesday,morning,blur,324,a
391,391,5,11,wednesday,noon,blur,210,a
392,392,5,11,wednesday,evening,sunny,400,b
393,393,5,12,thursday,morning,sunny,304,a
394,394,5,12,thursday,noon,sunny,407,b
395,395,5,12,thursday,evening,sunny,510,b
396,396,5,13,friday,morning,sunny,374,b
397,397,5,13,friday,noon,sunny,289,a
398,398,5,13,friday,evening,sunny,359,a
399,399,5,14,saturday,morning,rain,58,a
400,400,5,14,saturday,noon,sunny,776,c
401,401,5,14,saturday,evening,rain,69,a
402,402,5,15,sunday,morning,rain,67,a
403,403,5,15,sunday,noon,blur,670,b
404,404,5,15,sunday,evening,blur,764,c
405,405,5,16,monday,morning,sunny,376,b
406,406,5,16,monday,noon,sunny,334,a
407,407,5,16,monday,evening,blur,295,a
408,408,5,17,tuesday,morning,sunny,403,b
409,409,5,17,tuesday,noon,sunny,407,b
410,410,5,17,tuesday,evening,rain,20,a
411,411,5,18,wednesday,morning,blur,274,a
412,412,5,18,wednesday,noon,blur,124,a
413,413,5,18,wednesday,evening,rain,14,a
414,414,5,19,thursday,morning,blur,283,a
415,415,5,19,thursday,noon,sunny,306,a
416,416,5,19,thursday,evening,blur,265,a
417,417,5,20,friday,morning,sunny,383,b
418,418,5,20,friday,noon,blur,213,a
419,419,5,20,friday,evening,sunny,427,b
420,420,5,21,saturday,morning,sunny,732,b
421,421,5,21,saturday,noon,rain,47,a
422,422,5,21,saturday,evening,rain,61,a
423,423,5,22,sunday,morning,sunny,925,c
424,424,5,22,sunday,noon,sunny,893,c
425,425,5,22,sunday,evening,sunny,855,c
426,426,5,23,monday,morning,blur,247,a
427,427,5,23,monday,noon,rain,6,a
428,428,5,23,monday,evening,sunny,479,b
429,429,5,24,tuesday,morning,sunny,402,b
430,430,5,24,tuesday,noon,sunny,295,a
431,431,5,24,tuesday,evening,blur,305,a
432,432,5,25,wednesday,morning,blur,284,a
433,433,5,25,wednesday,noon,sunny,339,a
434,434,5,25,wednesday,evening,sunny,415,b
435,435,5,26,thursday,morning,sunny,402,b
436,436,5,26,thursday,noon,rain,13,a
437,437,5,26,thursday,evening,blur,250,a
438,438,5,27,friday,morning,sunny,349,a
439,439,5,27,friday,noon,blur,171,a
440,440,5,27,friday,evening,sunny,381,b
441,441,5,28,saturday,morning,blur,565,b
442,442,5,28,saturday,noon,sunny,702,b
443,443,5,28,saturday,evening,sunny,905,c
444,444,5,29,sunday,morning,sunny,899,c
445,445,5,29,sunday,noon,blur,700,b
446,446,5,29,sunday,evening,blur,736,b
447,447,5,30,monday,morning,sunny,389,b
448,448,5,30,monday,noon,sunny,226,a
449,449,5,30,monday,evening,sunny,395,b
450,450,5,31,tuesday,morning,blur,283,a
451,451,5,31,tuesday,noon,sunny,317,a
452,452,5,31,tuesday,evening,rain,15,a
453,453,6,1,wednesday,morning,rain,14,a
454,454,6,1,wednesday,noon,sunny,213,a
455,455,6,1,wednesday,evening,sunny,430,b
456,456,6,2,thursday,morning,sunny,397,b
457,457,6,2,thursday,noon,sunny,381,b
458,458,6,2,thursday,evening,sunny,321,a
459,459,6,3,friday,morning,sunny,392,b
460,460,6,3,friday,noon,sunny,325,a
461,461,6,3,friday,evening,sunny,359,a
462,462,6,4,saturday,morning,sunny,740,b
463,463,6,4,saturday,noon,rain,50,a
464,464,6,4,saturday,evening,sunny,837,c
465,465,6,5,sunday,morning,rain,74,a
466,466,6,5,sunday,noon,rain,62,a
467,467,6,5,sunday,evening,sunny,1009,c
468,468,6,6,monday,morning,rain,22,a
469,469,6,6,monday,noon,sunny,353,a
470,470,6,6,monday,evening,sunny,493,b
471,471,6,7,tuesday,morning,sunny,490,b
472,472,6,7,tuesday,noon,rain,11,a
473,473,6,7,tuesday,evening,sunny,406,b
474,474,6,8,wednesday,morning,sunny,399,b
475,475,6,8,wednesday,noon,blur,164,a
476,476,6,8,wednesday,evening,blur,240,a
477,477,6,9,thursday,morning,sunny,456,b
478,478,6,9,thursday,noon,rain,16,a
479,479,6,9,thursday,evening,sunny,415,b
480,480,6,10,friday,morning,sunny,462,b
481,481,6,10,friday,noon,sunny,353,a
482,482,6,10,friday,evening,blur,228,a
483,483,6,11,saturday,morning,sunny,852,c
484,484,6,11,saturday,noon,sunny,697,b
485,485,6,11,saturday,evening,sunny,801,c
486,486,6,12,sunday,morning,blur,744,c
487,487,6,12,sunday,noon,blur,673,b
488,488,6,12,sunday,evening,sunny,1028,c
489,489,6,13,monday,morning,blur,195,a
490,490,6,13,monday,noon,sunny,372,b
491,491,6,13,monday,evening,blur,311,a
492,492,6,14,tuesday,morning,blur,304,a
493,493,6,14,tuesday,noon,sunny,282,a
494,494,6,14,tuesday,evening,blur,242,a
495,495,6,15,wednesday,morning,sunny,346,a
496,496,6,15,wednesday,noon,sunny,360,a
497,497,6,15,wednesday,evening,sunny,428,b
498,498,6,16,thursday,morning,blur,285,a
499,499,6,16,thursday,noon,sunny,383,b
500,500,6,16,thursday,evening,sunny,438,b
501,501,6,17,friday,morning,rain,23,a
502,502,6,17,friday,noon,rain,3,a
503,503,6,17,friday,evening,blur,319,a
504,504,6,18,saturday,morning,blur,626,b
505,505,6,18,saturday,noon,sunny,701,b
506,506,6,18,saturday,evening,sunny,826,c
507,507,6,19,sunday,morning,sunny,922,c
508,508,6,19,sunday,noon,sunny,793,c
509,509,6,19,sunday,evening,sunny,887,c
510,510,6,20,monday,morning,rain,12,a
511,511,6,20,monday,noon,sunny,337,a
512,512,6,20,monday,evening,sunny,486,b
513,513,6,21,tuesday,morning,sunny,332,a
514,514,6,21,tuesday,noon,sunny,293,a
515,515,6,21,tuesday,evening,rain,19,a
516,516,6,22,wednesday,morning,sunny,408,b
517,517,6,22,wednesday,noon,rain,10,a
518,518,6,22,wednesday,evening,blur,328,a
519,519,6,23,thursday,morning,blur,292,a
520,520,6,23,thursday,noon,sunny,233,a
521,521,6,23,thursday,evening,sunny,387,b
522,522,6,24,friday,morning,blur,297,a
523,523,6,24,friday,noon,blur,175,a
524,524,6,24,friday,evening,sunny,418,b
525,525,6,25,saturday,morning,rain,59,a
526,526,6,25,saturday,noon,sunny,761,c
527,527,6,25,saturday,evening,blur,587,b
528,528,6,26,sunday,morning,blur,768,c
529,529,6,26,sunday,noon,sunny,761,c
530,530,6,26,sunday,evening,blur,830,c
531,531,6,27,monday,morning,sunny,404,b
532,532,6,27,monday,noon,blur,175,a
533,533,6,27,monday,evening,sunny,440,b
534,534,6,28,tuesday,morning,sunny,410,b
535,535,6,28,tuesday,noon,sunny,426,b
536,536,6,28,tuesday,evening,blur,252,a
537,537,6,29,wednesday,morning,sunny,343,a
538,538,6,29,wednesday,noon,rain,1,a
539,539,6,29,wednesday,evening,sunny,334,a
540,540,6,30,thursday,morning,blur,281,a
541,541,6,30,thursday,noon,rain,4,a
542,542,6,30,thursday,evening,sunny,338,a
543,543,7,1,friday,morning,sunny,436,b
544,544,7,1,friday,noon,blur,173,a
545,545,7,1,friday,evening,blur,298,a
546,546,7,2,saturday,morning,sunny,836,c
547,547,7,2,saturday,noon,sunny,724,b
548,548,7,2,saturday,evening,blur,748,c
549,549,7,3,sunday,morning,sunny,1066,c
550,550,7,3,sunday,noon,rain,61,a
551,551,7,3,sunday,evening,sunny,970,c
552,552,7,4,monday,morning,rain,20,a
553,553,7,4,monday,noon,rain,6,a
554,554,7,4,monday,evening,blur,278,a
555,555,7,5,tuesday,morning,rain,20,a
556,556,7,5,tuesday,noon,sunny,314,a
557,557,7,5,tuesday,evening,rain,19,a
558,558,7,6,wednesday,morning,sunny,368,a
559,559,7,6,wednesday,noon,sunny,308,a
560,560,7,6,wednesday,evening,sunny,418,b
561,561,7,7,thursday,morning,blur,242,a
562,562,7,7,thursday,noon,rain,6,a
563,563,7,7,thursday,evening,sunny,481,b
564,564,7,8,friday,morning,sunny,427,b
565,565,7,8,friday,noon,rain,5,a
566,566,7,8,friday,evening,blur,377,b
567,567,7,9,saturday,morning,blur,619,b
568,568,7,9,saturday,noon,blur,444,b
569,569,7,9,saturday,evening,sunny,892,c
570,570,7,10,sunday,morning,sunny,1025,c
571,571,7,10,sunday,noon,sunny,782,c
572,572,7,10,sunday,evening,sunny,984,c
573,573,7,11,monday,morning,blur,272,a
574,574,7,11,monday,noon,blur,142,a
575,575,7,11,monday,evening,sunny,496,b
576,576,7,12,tuesday,morning,rain,11,a
577,577,7,12,tuesday,noon,sunny,317,a
578,578,7,12,tuesday,evening,sunny,434,b
579,579,7,13,wednesday,morning,sunny,349,a
580,580,7,13,wednesday,noon,sunny,272,a
581,581,7,13,wednesday,evening,sunny,434,b
582,582,7,14,thursday,morning,sunny,382,b
583,583,7,14,thursday,noon,sunny,326,a
584,584,7,14,thursday,evening,rain,23,a
585,585,7,15,friday,morning,blur,257,a
586,586,7,15,friday,noon,blur,155,a
587,587,7,15,friday,evening,sunny,352,a
588,588,7,16,saturday,morning,sunny,834,c
589,589,7,16,saturday,noon,sunny,697,b
590,590,7,16,saturday,evening,rain,46,a
591,591,7,17,sunday,morning,blur,667,b
592,592,7,17,sunday,noon,rain,59,a
593,593,7,17,sunday,evening,rain,64,a
594,594,7,18,monday,morning,sunny,435,b
595,595,7,18,monday,noon,blur,135,a
596,596,7,18,monday,evening,blur,221,a
597,597,7,19,tuesday,morning,rain,24,a
598,598,7,19,tuesday,noon,blur,179,a
599,599,7,19,tuesday,evening,blur,350,a
600,600,7,20,wednesday,morning,sunny,395,b
601,601,7,20,wednesday,noon,sunny,321,a
602,602,7,20,wednesday,evening,blur,283,a
603,603,7,21,thursday,morning,rain,15,a
604,604,7,21,thursday,noon,sunny,287,a
605,605,7,21,thursday,evening,rain,15,a
606,606,7,22,friday,morning,rain,20,a
607,607,7,22,friday,noon,rain,4,a
608,608,7,22,friday,evening,blur,356,a
609,609,7,23,saturday,morning,sunny,867,c
610,610,7,23,saturday,noon,sunny,739,b
611,611,7,23,saturday,evening,rain,56,a
613,613,7,24,sunday,noon,rain,59,a
614,614,7,24,sunday,evening,rain,77,a
615,615,7,25,monday,morning,blur,232,a
616,616,7,25,monday,noon,blur,136,a
617,617,7,25,monday,evening,sunny,348,a
618,618,7,26,tuesday,morning,sunny,459,b
619,619,7,26,tuesday,noon,blur,131,a
620,620,7,26,tuesday,evening,rain,23,a
621,621,7,27,wednesday,morning,blur,326,a
622,622,7,27,wednesday,noon,blur,206,a
623,623,7,27,wednesday,evening,rain,14,a
624,624,7,28,thursday,morning,blur,275,a
625,625,7,28,thursday,noon,sunny,368,a
626,626,7,28,thursday,evening,rain,24,a
627,627,7,29,friday,morning,blur,248,a
628,628,7,29,friday,noon,sunny,329,a
629,629,7,29,friday,evening,sunny,479,b
630,630,7,30,saturday,morning,blur,614,b
631,631,7,30,saturday,noon,sunny,613,b
632,632,7,30,saturday,evening,sunny,989,c
633,633,7,31,sunday,morning,blur,759,c
634,634,7,31,sunday,noon,sunny,832,c
635,635,7,31,sunday,evening,blur,816,c
636,636,8,1,monday,morning,sunny,454,b
637,637,8,1,monday,noon,blur,123,a
638,638,8,1,monday,evening,rain,22,a
639,639,8,2,tuesday,morning,blur,280,a
640,640,8,2,tuesday,noon,sunny,323,a
641,641,8,2,tuesday,evening,sunny,374,b
642,642,8,3,wednesday,morning,sunny,471,b
643,643,8,3,wednesday,noon,sunny,337,a
644,644,8,3,wednesday,evening,sunny,399,b
645,645,8,4,thursday,morning,blur,327,a
646,646,8,4,thursday,noon,sunny,372,b
647,647,8,4,thursday,evening,blur,314,a
648,648,8,5,friday,morning,sunny,397,b
649,649,8,5,friday,noon,sunny,334,a
650,650,8,5,friday,evening,rain,23,a
651,651,8,6,saturday,morning,sunny,797,c
652,652,8,6,saturday,noon,blur,573,b
653,653,8,6,saturday,evening,sunny,822,c
654,654,8,7,sunday,morning,sunny,910,c
655,655,8,7,sunday,noon,rain,61,a
656,656,8,7,sunday,evening,rain,72,a
657,657,8,8,monday,morning,rain,21,a
658,658,8,8,monday,noon,sunny,400,b
659,659,8,8,monday,evening,sunny,394,b
660,660,8,9,tuesday,morning,sunny,461,b
661,661,8,9,tuesday,noon,sunny,296,a
662,662,8,9,tuesday,evening,blur,323,a
663,663,8,10,wednesday,morning,sunny,361,a
664,664,8,10,wednesday,noon,blur,150,a
665,665,8,10,wednesday,evening,rain,17,a
666,666,8,11,thursday,morning,sunny,456,b
667,667,8,11,thursday,noon,sunny,350,a
668,668,8,11,thursday,evening,sunny,515,b
669,669,8,12,friday,morning,rain,20,a
670,670,8,12,friday,noon,sunny,323,a
671,671,8,12,friday,evening,sunny,360,a
672,672,8,13,saturday,morning,blur,696,b
673,673,8,13,saturday,noon,sunny,741,b
674,674,8,13,saturday,evening,rain,61,a
675,675,8,14,sunday,morning,sunny,937,c
676,676,8,14,sunday,noon,sunny,815,c
677,677,8,14,sunday,evening,rain,70,a
678,678,8,15,monday,morning,rain,20,a
679,679,8,15,monday,noon,sunny,342,a
680,680,8,15,monday,evening,rain,22,a
681,681,8,16,tuesday,morning,sunny,373,b
682,682,8,16,tuesday,noon,blur,145,a
683,683,8,16,tuesday,evening,blur,271,a
684,684,8,17,wednesday,morning,blur,281,a
685,685,8,17,wednesday,noon,blur,105,a
686,686,8,17,wednesday,evening,rain,24,a
687,687,8,18,thursday,morning,sunny,384,b
688,688,8,18,thursday,noon,sunny,311,a
689,689,8,18,thursday,evening,sunny,465,b
690,690,8,19,friday,morning,blur,265,a
691,691,8,19,friday,noon,rain,11,a
692,692,8,19,friday,evening,sunny,523,b
693,693,8,20,saturday,morning,sunny,834,c
694,694,8,20,saturday,noon,blur,497,b
695,695,8,20,saturday,evening,blur,704,b
696,696,8,21,sunday,morning,sunny,895,c
697,697,8,21,sunday,noon,rain,61,a
698,698,8,21,sunday,evening,rain,69,a
699,699,8,22,monday,morning,sunny,383,b
700,700,8,22,monday,noon,blur,192,a
701,701,8,22,monday,evening,blur,267,a
702,702,8,23,tuesday,morning,sunny,353,a
703,703,8,23,tuesday,noon,blur,121,a
704,704,8,23,tuesday,evening,rain,27,a
705,705,8,24,wednesday,morning,sunny,334,a
706,706,8,24,wednesday,noon,sunny,308,a
707,707,8,24,wednesday,evening,sunny,376,b
708,708,8,25,thursday,morning,blur,216,a
709,709,8,25,thursday,noon,blur,199,a
710,710,8,25,thursday,evening,blur,291,a
711,711,8,26,friday,morning,blur,275,a
712,712,8,26,friday,noon,sunny,250,a
713,713,8,26,friday,evening,blur,290,a
714,714,8,27,saturday,morning,sunny,814,c
715,715,8,27,saturday,noon,blur,544,b
716,716,8,27,saturday,evening,sunny,878,c
717,717,8,28,sunday,morning,sunny,919,c
718,718,8,28,sunday,noon,rain,62,a
719,719,8,28,sunday,evening,blur,843,c
720,720,8,29,monday,morning,sunny,490,b
721,721,8,29,monday,noon,sunny,356,a
722,722,8,29,monday,evening,sunny,442,b
723,723,8,30,tuesday,morning,blur,324,a
724,724,8,30,tuesday,noon,blur,197,a
725,725,8,30,tuesday,evening,sunny,473,b
726,726,8,31,wednesday,morning,sunny,424,b
727,727,8,31,wednesday,noon,sunny,330,a
728,728,8,31,wednesday,evening,rain,17,a
729,729,9,1,thursday,morning,rain,17,a
730,730,9,1,thursday,noon,sunny,340,a
731,731,9,1,thursday,evening,sunny,450,b
732,732,9,2,friday,morning,rain,13,a
733,733,9,2,friday,noon,sunny,291,a
735,735,9,3,saturday,morning,sunny,845,c
736,736,9,3,saturday,noon,sunny,718,b
737,737,9,3,saturday,evening,sunny,896,c
738,738,9,4,sunday,morning,blur,761,c
739,739,9,4,sunday,noon,sunny,854,c
740,740,9,4,sunday,evening,rain,74,a
741,741,9,5,monday,morning,rain,20,a
742,742,9,5,monday,noon,blur,136,a
743,743,9,5,monday,evening,sunny,496,b
744,744,9,6,tuesday,morning,sunny,463,b
745,745,9,6,tuesday,noon,rain,7,a
746,746,9,6,tuesday,evening,sunny,378,b
747,747,9,7,wednesday,morning,sunny,384,b
748,748,9,7,wednesday,noon,rain,9,a
749,749,9,7,wednesday,evening,blur,288,a
750,750,9,8,thursday,morning,rain,26,a
751,751,9,8,thursday,noon,sunny,273,a
752,752,9,8,thursday,evening,blur,240,a
753,753,9,9,friday,morning,blur,283,a
754,754,9,9,friday,noon,sunny,261,a
755,755,9,9,friday,evening,sunny,451,b
756,756,9,10,saturday,morning,sunny,783,c
757,757,9,10,saturday,noon,sunny,669,b
758,758,9,10,saturday,evening,blur,718,b
759,759,9,11,sunday,morning,sunny,931,c
760,760,9,11,sunday,noon,sunny,857,c
761,761,9,11,sunday,evening,sunny,887,c
762,762,9,12,monday,morning,sunny,441,b
763,763,9,12,monday,noon,blur,115,a
765,765,9,13,tuesday,morning,rain,13,a
766,766,9,13,tuesday,noon,blur,171,a
767,767,9,13,tuesday,evening,blur,296,a
768,768,9,14,wednesday,morning,blur,186,a
769,769,9,14,wednesday,noon,sunny,250,a
770,770,9,14,wednesday,evening,rain,18,a
771,771,9,15,thursday,morning,sunny,322,a
772,772,9,15,thursday,noon,blur,204,a
773,773,9,15,thursday,evening,rain,25,a
774,774,9,16,friday,morning,sunny,459,b
775,775,9,16,friday,noon,sunny,392,b
776,776,9,16,friday,evening,sunny,395,b
777,777,9,17,saturday,morning,blur,647,b
778,778,9,17,saturday,noon,blur,596,b
779,779,9,17,saturday,evening,sunny,862,c
780,780,9,18,sunday,morning,blur,790,c
781,781,9,18,sunday,noon,sunny,964,c
782,782,9,18,sunday,evening,sunny,935,c
783,783,9,19,monday,morning,rain,18,a
784,784,9,19,monday,noon,rain,2,a
785,785,9,19,monday,evening,sunny,455,b
786,786,9,20,tuesday,morning,rain,23,a
787,787,9,20,tuesday,noon,rain,10,a
788,788,9,20,tuesday,evening,rain,29,a
789,789,9,21,wednesday,morning,sunny,404,b
790,790,9,21,wednesday,noon,sunny,268,a
791,791,9,21,wednesday,evening,blur,286,a
792,792,9,22,thursday,morning,rain,17,a
793,793,9,22,thursday,noon,blur,200,a
795,795,9,23,friday,morning,blur,261,a
796,796,9,23,friday,noon,sunny,334,a
797,797,9,23,friday,evening,rain,29,a
798,798,9,24,saturday,morning,sunny,862,c
799,799,9,24,saturday,noon,blur,599,b
800,800,9,24,saturday,evening,sunny,815,c
801,801,9,25,sunday,morning,sunny,956,c
802,802,9,25,sunday,noon,sunny,919,c
803,803,9,25,sunday,evening,sunny,885,c
804,804,9,26,monday,morning,rain,21,a
805,805,9,26,monday,noon,sunny,359,a
806,806,9,26,monday,evening,sunny,481,b
807,807,9,27,tuesday,morning,sunny,398,b
808,808,9,27,tuesday,noon,rain,10,a
809,809,9,27,tuesday,evening,blur,285,a
810,810,9,28,wednesday,morning,sunny,333,a
811,811,9,28,wednesday,noon,blur,174,a
812,812,9,28,wednesday,evening,blur,310,a
813,813,9,29,thursday,morning,sunny,440,b
814,814,9,29,thursday,noon,sunny,346,a
815,815,9,29,thursday,evening,sunny,473,b
816,816,9,30,friday,morning,sunny,428,b
817,817,9,30,friday,noon,sunny,310,a
818,818,9,30,friday,evening,sunny,419,b
819,819,10,1,saturday,morning,rain,60,a
820,820,10,1,saturday,noon,rain,50,a
821,821,10,1,saturday,evening,rain,57,a
822,822,10,2,sunday,morning,rain,62,a
823,823,10,2,sunday,noon,rain,61,a
824,824,10,2,sunday,evening,sunny,983,c
825,825,10,3,monday,morning,sunny,421,b
826,826,10,3,monday,noon,blur,188,a
827,827,10,3,monday,evening,sunny,381,b
828,828,10,4,tuesday,morning,sunny,375,b
829,829,10,4,tuesday,noon,sunny,262,a
830,830,10,4,tuesday,evening,sunny,340,a
831,831,10,5,wednesday,morning,sunny,286,a
832,832,10,5,wednesday,noon,sunny,322,a
833,833,10,5,wednesday,evening,sunny,460,b
834,834,10,6,thursday,morning,blur,285,a
835,835,10,6,thursday,noon,sunny,307,a
836,836,10,6,thursday,evening,sunny,435,b
837,837,10,7,friday,morning,sunny,335,a
838,838,10,7,friday,noon,sunny,278,a
839,839,10,7,friday,evening,sunny,474,b
840,840,10,8,saturday,morning,sunny,696,b
841,841,10,8,saturday,noon,sunny,721,b
842,842,10,8,saturday,evening,sunny,837,c
843,843,10,9,sunday,morning,rain,76,a
844,844,10,9,sunday,noon,sunny,890,c
845,845,10,9,sunday,evening,sunny,990,c
846,846,10,10,monday,morning,blur,291,a
847,847,10,10,monday,noon,blur,201,a
848,848,10,10,monday,evening,blur,258,a
849,849,10,11,tuesday,morning,rain,21,a
850,850,10,11,tuesday,noon,blur,147,a
851,851,10,11,tuesday,evening,blur,336,a
852,852,10,12,wednesday,morning,sunny,361,a
853,853,10,12,wednesday,noon,blur,178,a
854,854,10,12,wednesday,evening,sunny,402,b
855,855,10,13,thursday,morning,sunny,483,b
856,856,10,13,thursday,noon,sunny,403,b
857,857,10,13,thursday,evening,sunny,398,b
858,858,10,14,friday,morning,sunny,473,b
859,859,10,14,friday,noon,sunny,254,a
860,860,10,14,friday,evening,sunny,416,b
861,861,10,15,saturday,morning,sunny,835,c
862,862,10,15,saturday,noon,sunny,745,c
863,863,10,15,saturday,evening,rain,62,a
864,864,10,16,sunday,morning,blur,829,c
865,865,10,16,sunday,noon,rain,60,a
866,866,10,16,sunday,evening,blur,816,c
867,867,10,17,monday,morning,blur,306,a
868,868,10,17,monday,noon,sunny,310,a
869,869,10,17,monday,evening,rain,20,a
870,870,10,18,tuesday,morning,blur,203,a
871,871,10,18,tuesday,noon,blur,171,a
872,872,10,18,tuesday,evening,sunny,387,b
873,873,10,19,wednesday,morning,sunny,463,b
874,874,10,19,wednesday,noon,blur,155,a
875,875,10,19,wednesday,evening,sunny,333,a
876,876,10,20,thursday,morning,sunny,434,b
877,877,10,20,thursday,noon,rain,3,a
878,878,10,20,thursday,evening,sunny,539,b
879,879,10,21,friday,morning,sunny,469,b
880,880,10,21,friday,noon,sunny,340,a
881,881,10,21,friday,evening,blur,251,a
882,882,10,22,saturday,morning,sunny,755,c
883,883,10,22,saturday,noon,blur,488,b
884,884,10,22,saturday,evening,sunny,754,c
885,885,10,23,sunday,morning,rain,75,a
886,886,10,23,sunday,noon,sunny,919,c
887,887,10,23,sunday,evening,sunny,937,c
888,888,10,24,monday,morning,rain,19,a
889,889,10,24,monday,noon,sunny,410,b
890,890,10,24,monday,evening,blur,300,a
891,891,10,25,tuesday,morning,blur,282,a
892,892,10,25,tuesday,noon,blur,183,a
893,893,10,25,tuesday,evening,sunny,386,b
894,894,10,26,wednesday,morning,sunny,397,b
895,895,10,26,wednesday,noon,sunny,276,a
896,896,10,26,wednesday,evening,blur,202,a
897,897,10,27,thursday,morning,sunny,486,b
898,898,10,27,thursday,noon,sunny,386,b
899,899,10,27,thursday,evening,rain,15,a
900,900,10,28,friday,morning,blur,258,a
901,901,10,28,friday,noon,rain,2,a
902,902,10,28,friday,evening,sunny,484,b
903,903,10,29,saturday,morning,sunny,814,c
904,904,10,29,saturday,noon,sunny,736,b
905,905,10,29,saturday,evening,sunny,874,c
906,906,10,30,sunday,morning,blur,691,b
907,907,10,30,sunday,noon,rain,67,a
908,908,10,30,sunday,evening,rain,76,a
909,909,10,31,monday,morning,sunny,366,a
910,910,10,31,monday,noon,rain,12,a
911,911,10,31,monday,evening,rain,15,a
912,912,11,1,tuesday,morning,sunny,420,b
913,913,11,1,tuesday,noon,sunny,302,a
914,914,11,1,tuesday,evening,sunny,452,b
915,915,11,2,wednesday,morning,rain,9,a
916,916,11,2,wednesday,noon,sunny,273,a
917,917,11,2,wednesday,evening,sunny,372,b
918,918,11,3,thursday,morning,sunny,385,b
919,919,11,3,thursday,noon,sunny,392,b
920,920,11,3,thursday,evening,sunny,517,b
921,921,11,4,friday,morning,sunny,378,b
922,922,11,4,friday,noon,blur,230,a
923,923,11,4,friday,evening,blur,256,a
924,924,11,5,saturday,morning,sunny,754,c
925,925,11,5,saturday,noon,blur,560,b
926,926,11,5,saturday,evening,sunny,934,c
927,927,11,6,sunday,morning,sunny,947,c
928,928,11,6,sunday,noon,sunny,877,c
929,929,11,6,sunday,evening,sunny,1003,c
930,930,11,7,monday,morning,sunny,375,b
931,931,11,7,monday,noon,sunny,220,a
932,932,11,7,monday,evening,blur,302,a
933,933,11,8,tuesday,morning,rain,23,a
934,934,11,8,tuesday,noon,rain,10,a
935,935,11,8,tuesday,evening,rain,22,a
936,936,11,9,wednesday,morning,sunny,448,b
937,937,11,9,wednesday,noon,sunny,326,a
938,938,11,9,wednesday,evening,blur,258,a
939,939,11,10,thursday,morning,blur,234,a
940,940,11,10,thursday,noon,sunny,232,a
941,941,11,10,thursday,evening,sunny,406,b
942,942,11,11,friday,morning,sunny,378,b
943,943,11,11,friday,noon,sunny,308,a
944,944,11,11,friday,evening,blur,328,a
945,945,11,12,saturday,morning,blur,685,b
946,946,11,12,saturday,noon,sunny,730,b
947,947,11,12,saturday,evening,sunny,810,c
948,948,11,13,sunday,morning,sunny,918,c
949,949,11,13,sunday,noon,rain,61,a
950,950,11,13,sunday,evening,sunny,999,c
951,951,11,14,monday,morning,sunny,317,a
952,952,11,14,monday,noon,sunny,314,a
953,953,11,14,monday,evening,sunny,427,b
954,954,11,15,tuesday,morning,rain,10,a
955,955,11,15,tuesday,noon,sunny,440,b
956,956,11,15,tuesday,evening,blur,292,a
957,957,11,16,wednesday,morning,blur,318,a
958,958,11,16,wednesday,noon,rain,12,a
959,959,11,16,wednesday,evening,rain,17,a
960,960,11,17,thursday,morning,sunny,399,b
961,961,11,17,thursday,noon,blur,188,a
962,962,11,17,thursday,evening,sunny,314,a
963,963,11,18,friday,morning,sunny,417,b
964,964,11,18,friday,noon,sunny,234,a
965,965,11,18,friday,evening,sunny,389,b
966,966,11,19,saturday,morning,sunny,805,c
967,967,11,19,saturday,noon,sunny,719,b
968,968,11,19,saturday,evening,sunny,892,c
969,969,11,20,sunday,morning,sunny,869,c
970,970,11,20,sunday,noon,sunny,856,c
971,971,11,20,sunday,evening,sunny,1112,c
972,972,11,21,monday,morning,blur,304,a
973,973,11,21,monday,noon,sunny,317,a
974,974,11,21,monday,evening,rain,16,a
975,975,11,22,tuesday,morning,blur,265,a
976,976,11,22,tuesday,noon,blur,137,a
977,977,11,22,tuesday,evening,sunny,408,b
978,978,11,23,wednesday,morning,sunny,476,b
979,979,11,23,wednesday,noon,blur,136,a
980,980,11,23,wednesday,evening,sunny,412,b
981,981,11,24,thursday,morning,sunny,477,b
982,982,11,24,thursday,noon,sunny,264,a
983,983,11,24,thursday,evening,blur,353,a
984,984,11,25,friday,morning,sunny,400,b
985,985,11,25,friday,noon,blur,203,a
986,986,11,25,friday,evening,blur,215,a
987,987,11,26,saturday,morning,blur,578,b
988,988,11,26,saturday,noon,blur,627,b
989,989,11,26,saturday,evening,sunny,860,c
990,990,11,27,sunday,morning,blur,767,c
991,991,11,27,sunday,noon,sunny,857,c
992,992,11,27,sunday,evening,sunny,983,c
993,993,11,28,monday,morning,blur,249,a
994,994,11,28,monday,noon,sunny,336,a
995,995,11,28,monday,evening,blur,262,a
996,996,11,29,tuesday,morning,sunny,451,b
997,997,11,29,tuesday,noon,sunny,347,a
998,998,11,29,tuesday,evening,sunny,426,b
999,999,11,30,wednesday,morning,sunny,364,a
1000,1000,11,30,wednesday,noon,sunny,322,a
1001,1001,11,30,wednesday,evening,sunny,368,a
1002,1002,12,1,thursday,morning,sunny,392,b
1003,1003,12,1,thursday,noon,sunny,245,a
1004,1004,12,1,thursday,evening,rain,20,a
1005,1005,12,2,friday,morning,sunny,357,a
1006,1006,12,2,friday,noon,rain,9,a
1007,1007,12,2,friday,evening,sunny,451,b
1008,1008,12,3,saturday,morning,blur,608,b
1009,1009,12,3,saturday,noon,sunny,752,c
1010,1010,12,3,saturday,evening,blur,615,b
1011,1011,12,4,sunday,morning,blur,836,c
1012,1012,12,4,sunday,noon,blur,641,b
1013,1013,12,4,sunday,evening,sunny,1011,c
1014,1014,12,5,monday,morning,sunny,453,b
1015,1015,12,5,monday,noon,sunny,292,a
1016,1016,12,5,monday,evening,sunny,535,b
1017,1017,12,6,tuesday,morning,blur,281,a
1018,1018,12,6,tuesday,noon,sunny,293,a
1019,1019,12,6,tuesday,evening,sunny,389,b
1020,1020,12,7,wednesday,morning,blur,286,a
1021,1021,12,7,wednesday,noon,sunny,304,a
1022,1022,12,7,wednesday,evening,sunny,388,b
1023,1023,12,8,thursday,morning,blur,241,a
1024,1024,12,8,thursday,noon,sunny,402,b
1025,1025,12,8,thursday,evening,sunny,309,a
1026,1026,12,9,friday,morning,rain,16,a
1027,1027,12,9,friday,noon,blur,206,a
1028,1028,12,9,friday,evening,rain,26,a
1029,1029,12,10,saturday,morning,sunny,787,c
1030,1030,12,10,saturday,noon,sunny,854,c
1031,1031,12,10,saturday,evening,blur,583,b
1032,1032,12,11,sunday,morning,blur,773,c
1033,1033,12,11,sunday,noon,rain,65,a
1034,1034,12,11,sunday,evening,sunny,995,c
1035,1035,12,12,monday,morning,rain,21,a
1036,1036,12,12,monday,noon,blur,190,a
1037,1037,12,12,monday,evening,rain,17,a
1038,1038,12,13,tuesday,morning,blur,212,a
1039,1039,12,13,tuesday,noon,blur,238,a
1040,1040,12,13,tuesday,evening,sunny,405,b
1041,1041,12,14,wednesday,morning,rain,13,a
1042,1042,12,14,wednesday,noon,blur,158,a
1043,1043,12,14,wednesday,evening,sunny,450,b
1044,1044,12,15,thursday,morning,sunny,418,b
1045,1045,12,15,thursday,noon,sunny,275,a
1046,1046,12,15,thursday,evening,sunny,347,a
1047,1047,12,16,friday,morning,blur,246,a
1048,1048,12,16,friday,noon,blur,179,a
1049,1049,12,16,friday,evening,blur,234,a
1050,1050,12,17,saturday,morning,blur,695,b
1051,1051,12,17,saturday,noon,rain,49,a
1052,1052,12,17,saturday,evening,rain,59,a
1053,1053,12,18,sunday,morning,sunny,920,c
1054,1054,12,18,sunday,noon,sunny,833,c
1055,1055,12,18,sunday,evening,sunny,854,c
1056,1056,12,19,monday,morning,rain,14,a
1057,1057,12,19,monday,noon,blur,208,a
1058,1058,12,19,monday,evening,sunny,335,a
1059,1059,12,20,tuesday,morning,sunny,403,b
1060,1060,12,20,tuesday,noon,rain,14,a
1061,1061,12,20,tuesday,evening,sunny,476,b
1062,1062,12,21,wednesday,morning,rain,17,a
1063,1063,12,21,wednesday,noon,rain,4,a
1064,1064,12,21,wednesday,evening,sunny,407,b
1065,1065,12,22,thursday,morning,sunny,367,a
1066,1066,12,22,thursday,noon,blur,135,a
1067,1067,12,22,thursday,evening,blur,337,a
1068,1068,12,23,friday,morning,sunny,386,b
1069,1069,12,23,friday,noon,sunny,212,a
1070,1070,12,23,friday,evening,sunny,491,b
1071,1071,12,24,saturday,morning,rain,56,a
1072,1072,12,24,saturday,noon,sunny,631,b
1073,1073,12,24,saturday,evening,sunny,776,c
1074,1074,12,25,sunday,morning,sunny,877,c
1075,1075,12,25,sunday,noon,blur,686,b
1076,1076,12,25,sunday,evening,sunny,980,c
1077,1077,12,26,monday,morning,blur,261,a
1078,1078,12,26,monday,noon,blur,156,a
1079,1079,12,26,monday,evening,sunny,443,b
1080,1080,12,27,tuesday,morning,blur,269,a
1081,1081,12,27,tuesday,noon,sunny,299,a
1082,1082,12,27,tuesday,evening,blur,279,a
1083,1083,12,28,wednesday,morning,sunny,382,b
1084,1084,12,28,wednesday,noon,blur,160,a
1085,1085,12,28,wednesday,evening,rain,25,a
1086,1086,12,29,thursday,morning,sunny,368,a
1087,1087,12,29,thursday,noon,blur,144,a
1088,1088,12,29,thursday,evening,sunny,440,b
1089,1089,12,30,friday,morning,rain,13,a
1090,1090,12,30,friday,noon,sunny,326,a
1091,1091,12,30,friday,evening,rain,23,a
1092,1092,12,31,saturday,morning,blur,636,b
1093,1093,12,31,saturday,noon,sunny,676,b
1094,1094,12,31,saturday,evening,sunny,860,c
